Lab,Site ,Year,Sample,Lat. ,Long. ,LBC 1,LBCeq,pH 2,Ca,K,Mg,Mn,P,Zn
51861,ROME ,2021,"0-4, Site 1",34.3306,-85.1444,455,1320,5.62,1644,349.7,192.3,93.1,69.3,4.05
51862,ROME ,2021,"0-4, Site 2",34.3302,-85.1439,576,1670,5.55,2076,279.5,224.9,107.9,127.2,10.20
51863,ROME ,2021,"0-4, Site 3",34.3298,-85.1434,533,1546,5.78,2165,316.9,339.0,118.2,76.2,6.71
51864,ROME ,2021,"0-4, Site 4",34.3294,-85.14296,572,1659,5.35,1795,209.5,240.3,112.3,125.5,11.92
51865,ROME ,2021,"0-4, Site 5",34.3291,-85.1424,538,1560,5.54,2041,154.3,269.6,116.6,163.3,13.17
51866,ROME ,2021,"0-4, Site 6",34.3287,-85.14189,491,1424,5.49,1878,82.3,180.9,107.9,182.6,14.15
51867,ROME ,2021,"0-4, Site 7",34.3283,-85.14139,576,1670,5.37,1937,113.4,188.3,127.8,150.9,15.79
51868,ROME ,2021,"0-4, Site 8",34.3279,-85.1409,601,1743,5.32,1929,141.6,172.5,115.6,191.6,19.36
51869,ROME ,2021,"0-4, Site 9",34.3275,-85.1405,593,1720,5.20,1690,117.0,182.6,134.5,165.5,17.12
51870,ROME ,2021,"0-4, Site 10",34.3271,-85.1399,527,1528,5.22,1378,329.2,169.2,130.7,137.5,8.25
51871,ROME ,2021,"0-4, Site 11",34.331,-85.1439,478,1386,5.32,1565,171.4,166.8,115.6,147.3,13.46
51872,ROME ,2021,"0-4, Site 12",34.3306,-85.1434,587,1702,5.22,1872,170.1,188.0,137.3,139.6,13.93
51873,ROME ,2021,"0-4, Site 13",34.3302,-85.1429,636,1844,5.15,1822,197.6,208.5,136.1,144.5,13.72
51874,ROME ,2021,"0-4, Site 14",34.32988,-85.1424,449,1302,5.36,1383,172.0,148.6,91.3,128.6,11.53
51875,ROME ,2021,"0-4, Site 15",34.3295,-85.1419,515,1494,5.36,1433,256.7,170.4,87.2,164.5,13.51
51876,ROME ,2021,"0-4, Site 16",34.329,-85.1415,505,1465,5.18,1326,99.7,129.2,102.7,167.1,14.77
51877,ROME ,2021,"0-4, Site 17",34.3286,-85.1409,467,1354,4.95,964,155.2,94.1,104.1,190.1,18.39
51878,ROME ,2021,"0-4, Site 18",34.3283,-85.1404,554,1607,5.20,1838,147.2,170.7,140.8,198.3,20.70
51879,ROME ,2021,"0-4, Site 19",34.3279,-85.14,648,1879,5.01,1543,150.8,159.1,151.1,215.1,26.07
51880,ROME ,2021,"0-4, Site 20",34.3275,-85.1395,683,1981,5.05,1831,133.9,190.0,152.1,160.5,22.13
51881,ROME ,2021,"0-4, Site 21",34.3315,-85.1435,454,1317,5.46,1467,272.7,160.4,114.3,155.8,12.12
51882,ROME ,2021,"0-4, Site 22",34.3311,-85.14299,534,1549,5.73,2128,306.9,271.8,88.8,132.9,7.08
51883,ROME ,2021,"0-4, Site 23",34.3307,-85.1424,545,1581,5.51,1617,264.8,170.4,126.4,115.7,9.05
51884,ROME ,2021,"0-4, Site 24",34.3302,-85.1419,505,1465,5.44,1721,143.8,196.5,108.3,112.0,10.31
51885,ROME ,2021,"0-4, Site 25",34.3298,-85.1415,563,1633,5.54,2071,158.4,247.6,138.6,128.9,12.97
51886,ROME ,2021,"0-4, Site 26",34.3294,-85.1409,585,1697,5.41,1702,212.4,197.8,130.5,129.6,11.65
51887,ROME ,2021,"0-4, Site 27",34.3291,-85.1405,547,1586,5.50,1832,217.3,204.8,150.5,119.7,11.27
51888,ROME ,2021,"0-4, Site 28",34.3287,-85.1399,459,1331,5.53,1756,149.9,183.9,104.0,139.7,11.20
51889,ROME ,2021,"0-4, Site 29",34.3283,-85.1394,568,1647,5.32,1921,140.0,166.8,130.9,224.9,20.39
51890,ROME ,2021,"0-4, Site 30",34.3279,-85.139,703,2039,5.36,2450,130.3,248.2,154.5,167.2,19.69
51891,ROME ,2021,"0-4, Site 31",34.33187,-85.143,453,1314,5.49,1420,316.9,172.4,100.3,148.3,10.23
51892,ROME ,2021,"0-4, Site 32",34.3314,-85.14248,488,1415,5.25,1273,193.7,152.5,109.5,187.9,15.99
51893,ROME ,2021,"0-4, Site 33",34.331,-85.142,452,1311,5.52,1682,129.6,182.9,116.5,146.9,12.50
51894,ROME ,2021,"0-4, Site 34",34.3307,-85.1415,532,1543,5.38,1666,130.8,199.2,134.4,191.0,15.98
51895,ROME ,2021,"0-4, Site 35",34.3303,-85.1409,448,1299,5.37,1318,145.9,150.0,114.4,151.2,12.98
51896,ROME ,2021,"0-4, Site 36",34.3299,-85.1405,476,1380,5.50,1549,148.7,190.1,122.4,134.6,13.19
51897,ROME ,2021,"0-4, Site 37",34.3295,-85.1399,505,1465,5.62,1878,187.3,234.9,123.8,164.2,14.27
51898,ROME ,2021,"0-4, Site 38",34.3291,-85.1394,538,1560,5.48,1910,137.0,213.9,120.9,170.9,14.77
51899,ROME ,2021,"0-4, Site 39",34.3287,-85.139,621,1801,5.45,2124,156.1,221.0,125.1,216.4,18.97
51900,ROME ,2021,"0-4, Site 40",34.3283,-85.1385,705,2045,5.55,2764,123.8,262.7,144.4,203.0,21.09
51901,ROME ,2021,"0-4, Site 41",34.3279,-85.138,617,1789,5.67,2480,408.4,297.4,116.1,130.2,8.82
51902,ROME ,2021,"0-4, Site 42",34.3322,-85.1425,410,1189,5.84,1680,210.1,227.5,90.1,107.1,4.56
51903,ROME ,2021,"0-4, Site 43",34.3319,-85.142,421,1221,5.80,1806,156.2,216.6,93.1,187.5,12.63
51904,ROME ,2021,"0-4, Site 44",34.3314,-85.1415,477,1383,5.53,1648,128.6,201.3,117.9,214.7,15.30
51905,ROME ,2021,"0-4, Site 45",34.33109,-85.141,418,1212,5.63,1638,100.3,201.2,88.0,259.6,18.52
51906,ROME ,2021,"0-4, Site 46",34.3307,-85.1405,572,1659,5.37,1735,144.6,203.0,144.8,275.5,23.28
51907,ROME ,2021,"0-4, Site 47",34.3303,-85.14,606,1757,5.66,2396,291.4,299.3,109.8,227.8,15.14
51908,ROME ,2021,"0-4, Site 48",34.3299,-85.1395,535,1552,5.84,2347,176.3,311.9,124.9,219.9,16.76
51909,ROME ,2021,"0-4, Site 49",34.3295,-85.139,537,1557,5.63,2179,146.4,261.5,111.9,185.3,15.43
51910,ROME ,2021,"0-4, Site 50",34.3291,-85.1385,586,1699,5.87,2810,193.2,370.8,128.8,221.7,16.36
51911,ROME ,2021,"0-4, Site 51",34.3287,-85.138,666,1931,5.62,2712,292.1,315.6,129.0,203.6,17.20
51912,ROME ,2021,"0-4, Site 52",34.3284,-85.1375,610,1769,5.54,2295,433.7,278.1,122.5,121.4,7.69
52140,ROME ,2021,"4-8, Site 1",34.3306,-85.1444,330,957,6.00,1584,127.8,187.3,58.0,38.0,1.91
52141,ROME ,2021,"4-8, Site 2",34.3302,-85.1439,412,1195,5.97,1976,145.5,206.4,83.1,42.4,2.48
52142,ROME ,2021,"4-8, Site 3",34.3298,-85.1434,413,1198,6.03,1769,164.0,268.9,59.1,18.0,1.47
52143,ROME ,2021,"4-8, Site 4",34.3294,-85.14296,419,1215,5.66,1478,171.7,189.6,73.1,36.7,2.13
52144,ROME ,2021,"4-8, Site 5",34.3291,-85.1424,379,1099,5.86,1612,93.1,203.8,82.1,58.2,3.58
52145,ROME ,2021,"4-8, Site 6",34.3287,-85.14189,309,896,6.03,1381,38.6,127.1,55.1,33.6,1.90
52146,ROME ,2021,"4-8, Site 7",34.3283,-85.14139,400,1160,5.94,1835,58.8,157.8,84.1,42.1,3.11
52147,ROME ,2021,"4-8, Site 8",34.3279,-85.1409,406,1177,5.85,1946,75.9,163.5,81.3,52.7,3.13
52148,ROME ,2021,"4-8, Site 9",34.3275,-85.1405,399,1157,5.77,1740,65.7,160.5,81.4,66.5,5.20
52149,ROME ,2021,"4-8, Site 10",34.3271,-85.1399,373,1082,5.73,1498,279.9,173.9,81.0,84.9,3.74
52150,ROME ,2021,"4-8, Site 11",34.331,-85.1439,315,914,5.97,1388,86.8,140.1,61.0,41.2,2.36
52151,ROME ,2021,"4-8, Site 12",34.3306,-85.1434,412,1195,5.90,1830,94.2,179.8,82.9,38.1,2.38
52152,ROME ,2021,"4-8, Site 13",34.3302,-85.1429,489,1418,5.56,1745,147.4,182.9,85.9,76.4,5.19
52153,ROME ,2021,"4-8, Site 14",34.32988,-85.1424,279,809,5.91,1146,98.2,131.6,46.5,27.7,1.57
52154,ROME ,2021,"4-8, Site 15",34.3295,-85.1419,356,1032,5.76,1243,233.1,150.2,73.3,56.5,3.10
52155,ROME ,2021,"4-8, Site 16",34.329,-85.1415,313,908,5.78,1320,59.2,119.3,67.5,61.5,3.97
52156,ROME ,2021,"4-8, Site 17",34.3286,-85.1409,277,803,5.65,1006,96.5,89.0,53.7,74.1,3.98
52157,ROME ,2021,"4-8, Site 18",34.3283,-85.1404,406,1177,5.84,1703,91.0,147.5,87.2,68.0,5.73
52158,ROME ,2021,"4-8, Site 19",34.3279,-85.14,400,1160,5.67,1627,83.5,144.4,76.5,55.0,4.12
52159,ROME ,2021,"4-8, Site 20",34.3275,-85.1395,550,1595,5.31,1826,104.8,181.3,118.6,103.0,13.66
52160,ROME ,2021,"4-8, Site 21",34.3315,-85.1435,307,890,6.05,1301,193.3,162.0,72.9,82.9,4.05
52161,ROME ,2021,"4-8, Site 22",34.3311,-85.14299,398,1154,6.25,1911,188.2,252.7,60.2,62.9,2.16
52162,ROME ,2021,"4-8, Site 23",34.3307,-85.1424,373,1082,6.16,1593,193.6,168.1,86.2,52.1,2.59
52163,ROME ,2021,"4-8, Site 24",34.3302,-85.1419,351,1018,6.15,1620,109.1,174.4,71.8,37.7,2.09
52164,ROME ,2021,"4-8, Site 25",34.3298,-85.1415,411,1192,6.13,1825,98.8,196.8,86.9,40.8,3.25
52165,ROME ,2021,"4-8, Site 26",34.3294,-85.1409,377,1093,6.02,1533,135.7,171.1,77.7,32.3,2.03
52166,ROME ,2021,"4-8, Site 27",34.3291,-85.1405,387,1122,6.02,1593,131.0,178.1,86.1,51.3,2.90
52167,ROME ,2021,"4-8, Site 28",34.3287,-85.1399,317,919,6.08,1420,105.2,153.8,57.1,35.0,1.83
52168,ROME ,2021,"4-8, Site 29",34.3283,-85.1394,359,1041,5.99,1622,68.9,137.7,71.5,81.6,4.27
52169,ROME ,2021,"4-8, Site 30",34.3279,-85.139,482,1398,6.01,2270,59.3,230.7,85.1,39.0,3.26
52170,ROME ,2021,"4-8, Site 31",34.33187,-85.143,315,914,6.08,1316,227.8,152.3,64.8,84.4,2.61
52171,ROME ,2021,"4-8, Site 32",34.3314,-85.14248,361,1047,5.70,1249,146.2,133.0,84.0,115.2,8.15
52172,ROME ,2021,"4-8, Site 33",34.331,-85.142,299,867,6.14,1399,60.0,147.8,71.2,53.3,2.99
52173,ROME ,2021,"4-8, Site 34",34.3307,-85.1415,372,1079,5.91,1467,66.4,155.3,84.0,92.4,4.72
52174,ROME ,2021,"4-8, Site 35",34.3303,-85.1409,315,914,5.97,1254,96.3,140.9,64.1,67.8,3.45
52175,ROME ,2021,"4-8, Site 36",34.3299,-85.1405,331,960,6.06,1449,84.9,168.4,77.4,75.8,4.89
52176,ROME ,2021,"4-8, Site 37",34.3295,-85.1399,359,1041,6.10,1457,118.0,187.7,81.6,69.4,3.20
52177,ROME ,2021,"4-8, Site 38",34.3291,-85.1394,360,1044,6.01,1517,58.3,163.8,75.1,51.0,2.80
52178,ROME ,2021,"4-8, Site 39",34.3287,-85.139,433,1256,5.99,1827,75.1,192.2,86.9,87.1,4.92
52179,ROME ,2021,"4-8, Site 40",34.3283,-85.1385,503,1459,6.17,2456,62.1,220.7,90.0,67.4,4.66
52180,ROME ,2021,"4-8, Site 41",34.3279,-85.138,477,1383,6.14,2215,304.1,252.1,76.6,62.9,2.92
52181,ROME ,2021,"4-8, Site 42",34.3322,-85.1425,311,902,6.43,1365,166.9,201.2,59.0,54.7,1.99
52182,ROME ,2021,"4-8, Site 43",34.3319,-85.142,306,887,6.34,1293,83.5,176.7,61.0,61.8,3.37
52183,ROME ,2021,"4-8, Site 44",34.3314,-85.1415,306,887,6.13,1367,63.8,176.5,66.7,116.6,4.16
52184,ROME ,2021,"4-8, Site 45",34.33109,-85.141,250,725,6.15,1111,46.2,148.5,52.5,111.0,4.36
52185,ROME ,2021,"4-8, Site 46",34.3307,-85.1405,356,1032,6.06,1671,60.9,185.4,85.2,174.3,9.18
52186,ROME ,2021,"4-8, Site 47",34.3303,-85.14,441,1279,6.14,1900,184.0,241.6,85.1,90.1,5.22
52187,ROME ,2021,"4-8, Site 48",34.3299,-85.1395,396,1148,6.18,1731,104.4,221.4,82.8,79.3,3.83
52188,ROME ,2021,"4-8, Site 49",34.3295,-85.139,382,1108,6.14,1731,70.6,204.9,79.3,51.5,3.06
52189,ROME ,2021,"4-8, Site 50",34.3291,-85.1385,451,1308,6.22,2086,123.6,283.3,87.1,71.9,3.48
52190,ROME ,2021,"4-8, Site 51",34.3287,-85.138,520,1508,6.10,2467,168.6,277.3,109.9,77.1,5.49
52191,ROME ,2021,"4-8, Site 52",34.3284,-85.1375,454,1317,6.03,2181,370.3,243.3,81.9,60.8,2.78
52192,ROME ,2021,"A, Site 1",34.3306,-85.1444,483,1401,5.52,1563,367.5,178.0,120.8,81.1,4.96
52193,ROME ,2021,"A, Site 2",34.3302,-85.1439,645,1871,5.41,1955,182.9,231.3,125.9,108.0,9.26
52194,ROME ,2021,"A, Site 3",34.3298,-85.1434,589,1708,5.87,2345,314.0,390.5,108.2,113.9,7.30
52195,ROME ,2021,"A, Site 4",34.3294,-85.14296,550,1595,5.44,1756,410.0,230.8,121.2,181.0,13.64
52196,ROME ,2021,"A, Site 5",34.3291,-85.1424,510,1479,5.54,1689,101.1,205.1,97.6,113.9,10.13
52197,ROME ,2021,"A, Site 6",34.3287,-85.14189,456,1322,5.58,1583,77.2,137.8,106.5,140.6,10.17
52198,ROME ,2021,"A, Site 7",34.3283,-85.14139,533,1546,5.36,1403,309.0,167.9,103.3,143.6,9.95
52199,ROME ,2021,"A, Site 8",34.3279,-85.1409,652,1891,4.99,1364,202.9,129.4,132.1,178.4,17.45
52200,ROME ,2021,"A, Site 9",34.3275,-85.1405,524,1520,5.60,1892,88.0,231.2,115.2,180.7,14.81
52201,ROME ,2021,"A, Site 10",34.3271,-85.1399,502,1456,5.04,965,462.5,118.7,126.0,167.1,9.12
52202,ROME ,2021,"A, Site 11",34.331,-85.1439,476,1380,5.11,1141,117.1,126.7,114.3,85.9,8.13
52203,ROME ,2021,"A, Site 12",34.3306,-85.1434,577,1673,5.20,1577,259.8,163.3,120.3,142.9,13.06
52204,ROME ,2021,"A, Site 13",34.3302,-85.1429,534,1549,5.53,1976,143.2,203.9,101.2,125.7,10.47
52205,ROME ,2021,"A, Site 14",34.32988,-85.1424,477,1383,5.12,1199,243.7,141.6,91.3,175.7,13.71
52206,ROME ,2021,"A, Site 15",34.3295,-85.1419,520,1508,5.08,1103,304.3,134.6,102.1,204.9,13.80
52207,ROME ,2021,"A, Site 16",34.329,-85.1415,503,1459,5.14,1184,282.2,138.7,103.6,205.1,14.93
52208,ROME ,2021,"A, Site 17",34.3286,-85.1409,388,1125,5.45,1338,141.5,131.6,85.0,198.2,16.93
52209,ROME ,2021,"A, Site 18",34.3283,-85.1404,566,1641,5.27,1557,93.0,136.1,130.8,193.3,18.13
52210,ROME ,2021,"A, Site 19",34.3279,-85.14,537,1557,5.27,1615,83.4,180.4,116.6,164.0,19.54
52211,ROME ,2021,"A, Site 20",34.3275,-85.1395,599,1737,5.18,1737,169.8,207.0,122.0,123.6,15.07
52212,ROME ,2021,"A, Site 21",34.3315,-85.1435,381,1105,5.42,1072,198.4,137.2,93.1,124.0,8.40
52213,ROME ,2021,"A, Site 22",34.3311,-85.14299,516,1496,5.57,1753,187.5,240.3,98.0,91.1,5.20
52214,ROME ,2021,"A, Site 23",34.3307,-85.1424,505,1465,5.07,1035,246.7,111.2,112.7,122.0,8.48
52215,ROME ,2021,"A, Site 24",34.3302,-85.1419,449,1302,5.69,1687,96.7,192.1,97.3,84.3,6.33
52216,ROME ,2021,"A, Site 25",34.3298,-85.1415,505,1465,5.76,1955,130.7,216.6,114.7,64.9,7.74
52217,ROME ,2021,"A, Site 26",34.3294,-85.1409,506,1467,5.83,1935,112.1,223.8,110.2,64.9,6.83
52218,ROME ,2021,"A, Site 27",34.3291,-85.1405,513,1488,5.64,1827,170.9,200.6,123.2,123.6,10.43
52219,ROME ,2021,"A, Site 28",34.3287,-85.1399,478,1386,5.32,1316,140.2,138.6,102.4,116.1,10.95
52220,ROME ,2021,"A, Site 29",34.3283,-85.1394,532,1543,5.47,1891,125.8,189.5,104.1,207.1,18.00
52221,ROME ,2021,"A, Site 30",34.3279,-85.139,600,1740,5.42,2157,136.6,240.5,141.6,147.0,13.87
52222,ROME ,2021,"A, Site 31",34.33187,-85.143,396,1148,5.64,1272,379.4,145.2,91.1,126.2,7.78
52223,ROME ,2021,"A, Site 32",34.3314,-85.14248,408,1183,5.60,1341,180.5,176.7,81.8,156.8,11.27
52224,ROME ,2021,"A, Site 33",34.331,-85.142,422,1224,5.33,1439,127.1,137.5,110.6,171.0,13.73
52225,ROME ,2021,"A, Site 34",34.3307,-85.1415,452,1311,5.86,1965,97.0,249.1,105.3,196.8,12.22
52226,ROME ,2021,"A, Site 35",34.3303,-85.1409,344,998,6.05,1567,120.1,225.1,85.1,169.0,8.35
52227,ROME ,2021,"A, Site 36",34.3299,-85.1405,438,1270,5.78,1953,85.3,193.9,106.5,177.2,13.24
52228,ROME ,2021,"A, Site 37",34.3295,-85.1399,499,1447,5.02,1137,84.9,117.5,130.0,92.6,7.82
52229,ROME ,2021,"A, Site 38",34.3291,-85.1394,449,1302,5.30,1591,86.0,155.6,103.4,106.4,9.73
52230,ROME ,2021,"A, Site 39",34.3287,-85.139,544,1578,5.31,1872,99.2,172.8,156.5,214.5,19.05
52231,ROME ,2021,"A, Site 40",34.3283,-85.1385,594,1723,5.32,2351,133.1,219.5,136.4,179.2,19.02
52232,ROME ,2021,"A, Site 41",34.3279,-85.138,502,1456,5.75,2410,187.9,333.6,97.0,114.6,6.28
52233,ROME ,2021,"A, Site 42",34.3322,-85.1425,371,1076,5.66,1556,289.0,200.0,89.3,116.6,5.20
52234,ROME ,2021,"A, Site 43",34.3319,-85.142,382,1108,6.04,1731,77.1,214.8,79.6,160.1,10.01
52235,ROME ,2021,"A, Site 44",34.3314,-85.1415,377,1093,5.91,1851,101.9,273.5,90.8,195.4,12.04
52236,ROME ,2021,"A, Site 45",34.33109,-85.141,345,1001,5.64,1437,47.3,135.8,79.7,168.5,12.24
52237,ROME ,2021,"A, Site 46",34.3307,-85.1405,416,1206,5.78,1764,59.7,196.3,97.9,186.1,12.69
52238,ROME ,2021,"A, Site 47",34.3303,-85.14,473,1372,5.90,2241,435.4,394.2,87.2,190.4,9.81
52239,ROME ,2021,"A, Site 48",34.3299,-85.1395,648,1879,5.42,1913,160.6,233.9,132.1,219.8,16.84
52240,ROME ,2021,"A, Site 49",34.3295,-85.139,500,1450,5.54,1710,182.1,222.0,91.8,222.4,14.07
52241,ROME ,2021,"A, Site 50",34.3291,-85.1385,550,1595,5.71,2151,159.3,317.1,107.4,154.0,11.20
52242,ROME ,2021,"A, Site 51",34.3287,-85.138,636,1844,5.34,1825,243.8,219.0,124.1,121.2,10.17
52243,ROME ,2021,"A, Site 52",34.3284,-85.1375,545,1581,5.71,2211,399.8,344.0,102.2,131.3,6.10
52244,ROME ,2021,"B, Site 1",34.3306,-85.1444,465,1349,5.64,1610,586.2,177.7,89.0,74.1,3.54
52245,ROME ,2021,"B, Site 2",34.3302,-85.1439,572,1659,5.72,2203,520.9,300.3,96.5,112.9,7.55
52246,ROME ,2021,"B, Site 3",34.3298,-85.1434,745,2161,5.47,2278,452.5,359.3,165.2,151.8,10.79
52247,ROME ,2021,"B, Site 4",34.3294,-85.14296,590,1711,5.48,1949,191.0,241.0,165.9,133.9,10.78
52248,ROME ,2021,"B, Site 5",34.3291,-85.1424,523,1517,5.72,2279,205.3,320.5,96.4,209.2,12.60
52249,ROME ,2021,"B, Site 6",34.3287,-85.14189,525,1523,5.54,2068,82.7,196.8,117.3,158.8,10.76
52250,ROME ,2021,"B, Site 7",34.3283,-85.14139,624,1810,5.26,1897,98.7,188.9,129.4,136.1,13.13
52251,ROME ,2021,"B, Site 8",34.3279,-85.1409,692,2007,5.11,1622,150.6,145.5,148.9,181.7,17.89
52252,ROME ,2021,"B, Site 9",34.3275,-85.1405,539,1563,5.41,2047,84.5,181.0,108.7,161.2,12.80
52253,ROME ,2021,"B, Site 10",34.3271,-85.1399,557,1615,5.10,1164,305.8,138.2,113.8,172.6,8.74
52254,ROME ,2021,"B, Site 11",34.331,-85.1439,468,1357,5.34,1535,96.8,183.4,96.2,123.2,11.91
52255,ROME ,2021,"B, Site 12",34.3306,-85.1434,633,1836,5.31,1784,168.6,205.5,116.1,103.8,7.76
52256,ROME ,2021,"B, Site 13",34.3302,-85.1429,609,1766,5.34,1965,164.4,197.1,103.2,163.6,15.53
52257,ROME ,2021,"B, Site 14",34.32988,-85.1424,451,1308,5.37,1271,207.1,145.6,75.8,104.9,9.15
52258,ROME ,2021,"B, Site 15",34.3295,-85.1419,530,1537,5.28,1423,277.0,139.6,82.5,160.8,11.18
52259,ROME ,2021,"B, Site 16",34.329,-85.1415,556,1612,4.95,1087,113.8,145.7,97.0,162.2,12.75
52260,ROME ,2021,"B, Site 17",34.3286,-85.1409,398,1154,5.23,1119,129.9,122.7,66.5,224.1,19.35
52261,ROME ,2021,"B, Site 18",34.3283,-85.1404,593,1720,5.20,1507,117.7,144.9,125.9,172.9,20.38
52262,ROME ,2021,"B, Site 19",34.3279,-85.14,580,1682,5.33,1957,133.6,184.6,121.3,198.4,23.66
52263,ROME ,2021,"B, Site 20",34.3275,-85.1395,693,2010,5.20,1966,88.7,177.7,121.2,154.5,17.58
52264,ROME ,2021,"B, Site 21",34.3315,-85.1435,425,1233,5.41,1323,184.4,162.9,89.0,203.8,12.41
52265,ROME ,2021,"B, Site 22",34.3311,-85.14299,623,1807,5.18,1404,358.9,187.9,112.6,127.3,6.82
52266,ROME ,2021,"B, Site 23",34.3307,-85.1424,479,1389,5.48,1430,237.7,137.3,111.5,85.4,5.94
52267,ROME ,2021,"B, Site 24",34.3302,-85.1419,522,1514,5.73,1903,131.4,228.8,106.4,113.9,8.76
52268,ROME ,2021,"B, Site 25",34.3298,-85.1415,539,1563,6.02,2284,160.6,306.6,107.2,108.9,9.32
52269,ROME ,2021,"B, Site 26",34.3294,-85.1409,555,1610,5.73,2028,122.7,256.3,117.6,105.4,8.30
52270,ROME ,2021,"B, Site 27",34.3291,-85.1405,513,1488,5.61,1819,137.2,194.7,123.0,105.3,9.17
52271,ROME ,2021,"B, Site 28",34.3287,-85.1399,505,1465,5.43,1542,119.4,167.2,94.2,135.3,13.21
52272,ROME ,2021,"B, Site 29",34.3283,-85.1394,556,1612,5.09,1400,102.5,160.1,91.7,191.2,14.37
52273,ROME ,2021,"B, Site 30",34.3279,-85.139,688,1995,5.53,2456,135.8,231.1,137.0,167.2,15.43
52274,ROME ,2021,"B, Site 31",34.33187,-85.143,532,1543,6.08,2078,532.8,294.3,101.0,194.3,10.32
52275,ROME ,2021,"B, Site 32",34.3314,-85.14248,495,1436,5.60,1543,162.5,198.7,98.6,189.6,16.61
52276,ROME ,2021,"B, Site 33",34.331,-85.142,454,1317,6.25,2077,298.9,320.8,96.8,187.2,10.62
52277,ROME ,2021,"B, Site 34",34.3307,-85.1415,496,1438,5.68,1676,185.2,217.8,91.9,193.0,12.45
52278,ROME ,2021,"B, Site 35",34.3303,-85.1409,413,1198,6.02,1744,94.0,247.7,81.9,191.7,11.15
52279,ROME ,2021,"B, Site 36",34.3299,-85.1405,422,1224,5.23,1021,82.7,108.6,93.4,73.4,7.17
52280,ROME ,2021,"B, Site 37",34.3295,-85.1399,534,1549,5.49,1570,237.3,183.7,124.6,133.7,11.68
52281,ROME ,2021,"B, Site 38",34.3291,-85.1394,536,1554,5.53,1718,81.1,159.9,98.5,126.1,12.02
52282,ROME ,2021,"B, Site 39",34.3287,-85.139,669,1940,5.16,1649,154.3,206.0,154.8,226.6,20.58
52283,ROME ,2021,"B, Site 40",34.3283,-85.1385,715,2074,5.47,2582,119.5,242.1,141.8,248.0,26.22
52284,ROME ,2021,"B, Site 41",34.3279,-85.138,569,1650,5.60,2113,250.6,273.4,100.6,95.1,6.87
52285,ROME ,2021,"B, Site 42",34.3322,-85.1425,440,1276,5.69,1350,215.9,186.6,92.1,58.1,3.79
52286,ROME ,2021,"B, Site 43",34.3319,-85.142,414,1201,5.51,1209,146.4,155.8,82.9,172.0,9.80
52287,ROME ,2021,"B, Site 44",34.3314,-85.1415,434,1259,5.90,1644,92.4,218.0,102.6,172.4,10.54
52288,ROME ,2021,"B, Site 45",34.33109,-85.141,422,1224,5.46,1412,73.5,179.1,95.9,229.7,16.92
52289,ROME ,2021,"B, Site 46",34.3307,-85.1405,485,1407,5.68,1813,96.6,217.5,118.3,284.5,19.47
52290,ROME ,2021,"B, Site 47",34.3303,-85.14,614,1781,5.51,1871,258.1,193.6,122.4,196.0,12.99
52291,ROME ,2021,"B, Site 48",34.3299,-85.1395,537,1557,5.64,1793,331.0,217.4,119.6,282.7,16.48
52292,ROME ,2021,"B, Site 49",34.3295,-85.139,586,1699,5.40,1848,177.3,226.8,132.2,238.7,18.70
52293,ROME ,2021,"B, Site 50",34.3291,-85.1385,593,1720,5.70,2197,202.0,287.2,131.3,167.5,13.11
52294,ROME ,2021,"B, Site 51",34.3287,-85.138,645,1871,5.64,2378,367.4,224.6,106.7,199.2,14.77
52295,ROME ,2021,"B, Site 52",34.3284,-85.1375,608,1763,5.87,2119,399.2,334.6,110.2,107.8,6.68
37153,Midville ,2021,"0-4, Site 1",32.89025,-82.21466,285,827,5.82,1001.0,111.7,87.40,21.25,13.24,1.59
37154,Midville ,2021,"0-4, Site 2",32.8898,-82.215,227,645,5.46,648.7,74.6,53.60,14.25,17.83,2.80
37155,Midville ,2021,"0-4, Site 3",32.8893,-82.2154,223,630,4.73,331.9,56.0,24.54,13.26,31.63,3.99
37156,Midville ,2021,"0-4, Site 4",32.8889,-82.2159,206,568,5.37,631.9,65.4,40.32,14.22,32.36,6.07
37157,Midville ,2021,"0-4, Site 5",32.8885,-82.2163,201,550,5.40,620.7,53.4,33.92,11.76,17.01,4.48
37158,Midville ,2021,"0-4, Site 6",32.888,-82.2167,224,634,5.04,428.8,41.5,21.69,13.02,32.82,3.08
37159,Midville ,2021,"0-4, Site 7",32.8876,-82.2171,205,564,4.89,376.6,54.5,40.15,10.82,68.68,5.43
37160,Midville ,2021,"0-4, Site 8",32.8871,-82.2175,314,911,5.71,1308.9,167.3,220.44,24.40,49.60,12.45
37161,Midville ,2021,"0-4, Site 9",32.8899,-82.2141,219,616,6.09,954.8,73.1,66.16,23.40,16.88,1.05
37162,Midville ,2021,"0-4, Site 10",32.8895,-82.2145,186,495,5.51,690.6,69.4,27.76,15.23,20.18,4.53
37163,Midville ,2021,"0-4, Site 11",32.889,-82.215,172,443,5.88,957.5,54.0,46.63,13.06,82.96,8.68
37164,Midville ,2021,"0-4, Site 12",32.8886,-82.2153,179,469,6.06,848.3,64.1,38.71,9.69,47.81,5.44
37165,Midville ,2021,"0-4, Site 13",32.8881,-82.2158,195,528,5.77,862.8,59.1,49.98,10.39,42.19,6.21
37166,Midville ,2021,"0-4, Site 14",32.8876,-82.2162,251,728,5.29,898.1,65.8,43.27,17.18,61.49,5.86
37167,Midville ,2021,"0-4, Site 15",32.8872,-82.2166,228,649,5.61,1011.2,69.2,52.75,16.38,37.60,7.52
37168,Midville ,2021,"0-4, Site 16",32.8895,-82.2135,247,718,5.70,683.7,69.9,50.61,18.10,15.05,1.02
37169,Midville ,2021,"0-4, Site 17",32.8891,-82.214,168,428,6.08,906.1,82.2,31.75,15.78,14.35,4.66
37170,Midville ,2021,"0-4, Site 18",32.8886,-82.2144,197,535,5.80,836.1,73.4,47.95,13.16,45.08,6.20
37171,Midville ,2021,"0-4, Site 19",32.8882,-82.2148,178,465,5.81,859.4,89.4,50.75,13.02,36.66,5.58
37172,Midville ,2021,"0-4, Site 20",32.8878,-82.2152,201,550,6.12,944.3,88.6,57.39,13.20,36.84,4.81
37173,Midville ,2021,"0-4, Site 21",32.8873,-82.2156,172,443,6.26,1037.3,64.0,60.94,12.01,71.24,6.71
37174,Midville ,2021,"0-4, Site 22",32.8868,-82.216,250,725,5.61,1035.8,71.8,61.91,21.10,58.36,6.85
37175,Midville ,2021,"0-4, Site 23",32.8892,-82.213,257,745,5.09,636.5,83.2,40.49,19.34,26.75,8.09
37176,Midville ,2021,"0-4, Site 24",32.8887,-82.2134,199,542,6.05,976.2,79.8,38.69,17.48,25.03,5.91
37177,Midville ,2021,"0-4, Site 25",32.8883,-82.2139,165,417,5.56,934.0,69.2,48.73,19.01,60.15,9.03
37178,Midville ,2021,"0-4, Site 26",32.8879,-82.2143,205,564,5.97,1039.4,52.3,58.40,16.13,85.44,10.28
37179,Midville ,2021,"0-4, Site 27",32.8874,-82.2147,211,586,5.42,885.3,55.1,56.05,13.75,44.09,7.21
37180,Midville ,2021,"0-4, Site 28",32.887,-82.2151,206,568,5.76,953.0,88.5,79.46,14.16,67.20,7.33
37181,Midville ,2021,"0-4, Site 29",32.8865,-82.2155,245,711,5.29,906.5,122.2,81.00,17.87,82.49,11.23
37182,Midville ,2021,"0-4, Site 30",32.8889,-82.2125,291,844,5.22,1228.5,69.8,50.55,27.16,35.03,10.55
37183,Midville ,2021,"0-4, Site 31",32.8884,-82.2129,274,795,5.43,1199.6,77.0,46.00,27.71,18.83,7.93
37184,Midville ,2021,"0-4, Site 32",32.888,-82.2134,272,789,5.20,763.1,71.3,41.40,27.17,67.77,9.35
37185,Midville ,2021,"0-4, Site 33",32.8875,-82.2138,298,864,5.22,790.0,49.0,57.44,24.30,80.84,7.31
37186,Midville ,2021,"0-4, Site 34",32.887,-82.2141,184,487,6.39,1343.7,60.0,77.63,15.79,76.19,10.27
37187,Midville ,2021,"0-4, Site 35",32.8866,-82.2146,185,491,5.64,847.9,55.5,52.23,13.52,72.56,8.08
37188,Midville ,2021,"0-4, Site 36",32.8885,-82.212,195,528,5.49,705.3,44.5,47.69,21.26,52.62,7.73
37189,Midville ,2021,"0-4, Site 37",32.888,-82.2124,200,546,5.92,928.6,47.6,37.96,17.09,41.45,6.83
37190,Midville ,2021,"0-4, Site 38",32.8876,-82.2128,161,403,6.14,770.9,50.6,24.88,14.93,19.06,4.54
37191,Midville ,2021,"0-4, Site 39",32.8872,-82.2132,185,491,6.02,886.9,59.7,26.14,16.81,24.78,5.45
37192,Midville ,2021,"0-4, Site 40",32.8867,-82.2136,166,421,5.13,339.3,39.1,20.41,12.92,32.04,3.36
37193,Midville ,2021,"4-8, Site 1",32.89025,-82.21466,184,487,5.64,628.3,39.0,60.81,17.42,9.51,0.84
37194,Midville ,2021,"4-8, Site 2",32.8898,-82.215,183,484,5.30,311.3,46.9,29.47,14.42,13.24,0.75
37195,Midville ,2021,"4-8, Site 3",32.8893,-82.2154,163,410,4.95,210.1,37.5,13.59,16.85,25.16,1.47
37196,Midville ,2021,"4-8, Site 4",32.8889,-82.2159,173,447,5.41,406.1,50.9,31.26,14.91,11.39,1.36
37197,Midville ,2021,"4-8, Site 5",32.8885,-82.2163,193,520,5.41,434.2,38.5,20.95,11.55,9.41,1.21
37198,Midville ,2021,"4-8, Site 6",32.888,-82.2167,208,575,4.96,305.1,31.4,12.32,11.37,30.37,1.87
37199,Midville ,2021,"4-8, Site 7",32.8876,-82.2171,168,428,5.07,276.3,39.7,39.81,7.79,59.75,2.15
37200,Midville ,2021,"4-8, Site 8",32.8871,-82.2175,285,827,6.83,1314.3,171.2,345.14,23.00,25.74,5.49
37201,Midville ,2021,"4-8, Site 9",32.8899,-82.2141,198,539,5.80,654.7,37.1,48.13,16.19,10.88,0.59
37202,Midville ,2021,"4-8, Site 10",32.8895,-82.2145,176,458,5.51,498.8,62.8,47.96,9.74,5.40,0.50
37203,Midville ,2021,"4-8, Site 11",32.889,-82.215,143,337,5.63,427.7,41.2,18.86,12.04,57.45,2.32
37204,Midville ,2021,"4-8, Site 12",32.8886,-82.2153,157,388,5.66,516.7,58.2,41.73,10.09,35.46,1.97
37205,Midville ,2021,"4-8, Site 13",32.8881,-82.2158,161,403,5.64,488.7,53.0,28.87,9.66,32.78,1.45
37206,Midville ,2021,"4-8, Site 14",32.8876,-82.2162,173,447,5.59,550.0,42.8,15.69,14.94,75.79,2.03
37207,Midville ,2021,"4-8, Site 15",32.8872,-82.2166,185,491,5.88,722.0,39.3,59.04,12.35,30.87,2.23
37208,Midville ,2021,"4-8, Site 16",32.8895,-82.2135,196,531,5.68,482.4,27.6,36.17,15.22,10.18,0.62
37209,Midville ,2021,"4-8, Site 17",32.8891,-82.214,165,417,6.09,724.4,98.9,38.29,10.67,7.28,1.08
37210,Midville ,2021,"4-8, Site 18",32.8886,-82.2144,138,318,5.64,376.8,54.1,31.62,8.29,34.24,1.78
37211,Midville ,2021,"4-8, Site 19",32.8882,-82.2148,161,403,5.83,593.0,78.8,52.55,10.93,21.63,1.93
37212,Midville ,2021,"4-8, Site 20",32.8878,-82.2152,194,524,5.95,675.4,92.1,83.55,9.10,19.23,1.26
37213,Midville ,2021,"4-8, Site 21",32.8873,-82.2156,159,395,6.20,628.2,74.5,50.38,8.82,52.83,1.32
37214,Midville ,2021,"4-8, Site 22",32.8868,-82.216,189,506,5.93,733.7,47.9,62.54,12.56,41.88,1.44
37215,Midville ,2021,"4-8, Site 23",32.8892,-82.213,199,542,5.43,521.1,78.9,48.02,16.96,7.77,1.15
37216,Midville ,2021,"4-8, Site 24",32.8887,-82.2134,181,476,6.19,712.0,82.9,53.67,16.61,12.76,1.33
37217,Midville ,2021,"4-8, Site 25",32.8883,-82.2139,166,421,5.51,397.4,41.0,19.74,13.10,34.69,2.70
37218,Midville ,2021,"4-8, Site 26",32.8879,-82.2143,155,381,5.68,592.5,37.5,30.49,13.93,77.22,5.19
37219,Midville ,2021,"4-8, Site 27",32.8874,-82.2147,169,432,5.76,602.7,44.5,64.32,10.21,21.60,2.35
37220,Midville ,2021,"4-8, Site 28",32.887,-82.2151,173,447,5.89,599.0,58.3,85.66,7.78,32.97,1.55
37221,Midville ,2021,"4-8, Site 29",32.8865,-82.2155,211,586,5.67,706.0,133.7,95.29,14.65,41.86,3.12
37222,Midville ,2021,"4-8, Site 30",32.8889,-82.2125,207,572,5.45,604.8,46.1,50.94,17.13,11.38,1.68
37223,Midville ,2021,"4-8, Site 31",32.8884,-82.2129,195,528,5.39,460.3,45.1,33.16,17.89,6.20,0.86
37224,Midville ,2021,"4-8, Site 32",32.888,-82.2134,213,594,5.68,653.9,54.8,71.18,15.91,12.73,0.92
37225,Midville ,2021,"4-8, Site 33",32.8875,-82.2138,255,740,5.47,630.1,38.1,46.42,28.31,49.62,2.90
37226,Midville ,2021,"4-8, Site 34",32.887,-82.2141,150,362,5.67,459.7,52.0,31.09,13.46,40.06,1.74
37227,Midville ,2021,"4-8, Site 35",32.8866,-82.2146,149,359,5.47,420.7,38.8,26.70,11.56,44.63,1.77
37228,Midville ,2021,"4-8, Site 36",32.8885,-82.212,137,315,4.90,196.3,31.1,11.95,13.75,33.02,1.16
37229,Midville ,2021,"4-8, Site 37",32.888,-82.2124,147,351,5.15,233.1,19.1,11.16,11.91,18.67,0.66
37230,Midville ,2021,"4-8, Site 38",32.8876,-82.2128,147,351,5.78,480.2,41.2,26.96,13.91,8.95,0.69
37231,Midville ,2021,"4-8, Site 39",32.8872,-82.2132,163,410,5.71,527.8,51.4,24.14,15.18,13.32,1.21
37232,Midville ,2021,"4-8, Site 40",32.8867,-82.2136,146,348,4.73,120.7,21.4,7.32,11.65,32.78,0.58
37233,Midville ,2021,"A, Site 1",32.89025,-82.21466,251,728,6.23,1093.5,220.4,78.79,23.29,17.93,1.08
37234,Midville ,2021,"A, Site 2",32.8898,-82.215,154,377,5.22,275.3,39.9,23.71,9.56,13.05,0.63
37235,Midville ,2021,"A, Site 3",32.8893,-82.2154,262,760,4.14,91.8,33.9,7.60,3.49,11.02,0.95
37236,Midville ,2021,"A, Site 4",32.8889,-82.2159,203,557,5.41,564.5,86.6,38.72,12.20,6.18,1.21
37237,Midville ,2021,"A, Site 5",32.8885,-82.2163,212,590,5.11,398.5,53.1,21.46,11.85,11.47,2.10
37238,Midville ,2021,"A, Site 6",32.888,-82.2167,248,722,4.52,407.3,36.8,22.98,16.02,43.05,4.26
37239,Midville ,2021,"A, Site 7",32.8876,-82.2171,190,509,4.90,467.2,61.6,30.06,8.50,41.48,3.43
37240,Midville ,2021,"A, Site 8",32.8871,-82.2175,324,940,5.37,1011.0,97.7,137.76,21.29,52.29,5.95
37241,Midville ,2021,"A, Site 9",32.8899,-82.2141,220,619,5.87,900.4,54.0,76.28,23.32,10.11,0.95
37242,Midville ,2021,"A, Site 10",32.8895,-82.2145,199,542,5.60,757.5,91.6,34.16,19.06,16.59,3.82
37243,Midville ,2021,"A, Site 11",32.889,-82.215,176,458,5.78,882.4,56.1,74.58,13.18,137.74,9.39
37244,Midville ,2021,"A, Site 12",32.8886,-82.2153,185,491,6.42,1134.3,63.5,44.79,11.78,33.48,6.16
37245,Midville ,2021,"A, Site 13",32.8881,-82.2158,182,480,5.84,653.6,47.7,54.41,8.30,34.27,3.68
37246,Midville ,2021,"A, Site 14",32.8876,-82.2162,271,786,4.88,578.4,64.4,14.56,16.50,41.39,3.36
37247,Midville ,2021,"A, Site 15",32.8872,-82.2166,244,707,5.33,762.7,52.5,41.97,15.43,23.61,7.27
37248,Midville ,2021,"A, Site 16",32.8895,-82.2135,256,742,5.37,702.4,34.1,50.19,20.17,12.19,1.17
37249,Midville ,2021,"A, Site 17",32.8891,-82.214,141,329,7.14,1088.5,63.8,26.07,13.50,15.50,4.69
37250,Midville ,2021,"A, Site 18",32.8886,-82.2144,179,469,5.67,524.3,33.9,25.59,7.98,33.00,3.88
37251,Midville ,2021,"A, Site 19",32.8882,-82.2148,202,553,5.70,947.1,64.4,42.14,13.17,43.28,7.16
37252,Midville ,2021,"A, Site 20",32.8878,-82.2152,188,502,5.34,558.3,57.3,33.35,11.16,23.83,3.78
37253,Midville ,2021,"A, Site 21",32.8873,-82.2156,175,454,5.83,799.0,57.1,58.07,11.50,54.74,4.40
37254,Midville ,2021,"A, Site 22",32.8868,-82.216,233,667,5.48,1012.1,68.6,61.50,22.81,83.96,7.68
37255,Midville ,2021,"A, Site 23",32.8892,-82.213,245,711,4.97,450.4,89.4,39.55,15.50,11.70,2.84
37256,Midville ,2021,"A, Site 24",32.8887,-82.2134,196,531,6.18,964.0,96.7,34.17,17.76,18.87,3.47
37257,Midville ,2021,"A, Site 25",32.8883,-82.2139,210,583,5.94,1064.6,38.9,61.25,19.48,129.88,10.06
37258,Midville ,2021,"A, Site 26",32.8879,-82.2143,160,399,5.59,560.2,66.1,38.17,12.79,72.81,4.38
37259,Midville ,2021,"A, Site 27",32.8874,-82.2147,212,590,4.99,395.2,54.5,34.55,11.67,43.77,4.92
37260,Midville ,2021,"A, Site 28",32.887,-82.2151,205,564,6.58,1247.2,117.1,101.05,17.88,137.57,10.30
37261,Midville ,2021,"A, Site 29",32.8865,-82.2155,206,568,4.78,288.7,73.1,22.67,11.06,33.80,2.60
37262,Midville ,2021,"A, Site 30",32.8889,-82.2125,235,674,5.43,877.7,78.6,45.26,20.93,25.07,10.07
37263,Midville ,2021,"A, Site 31",32.8884,-82.2129,178,465,5.48,600.1,52.8,38.28,16.21,38.14,5.71
37264,Midville ,2021,"A, Site 32",32.888,-82.2134,273,792,4.86,473.9,74.1,31.68,28.29,19.48,5.01
37265,Midville ,2021,"A, Site 33",32.8875,-82.2138,309,896,5.20,1010.6,55.2,52.70,26.56,107.60,11.12
37266,Midville ,2021,"A, Site 34",32.887,-82.2141,168,428,6.44,1205.0,66.8,78.97,18.62,108.04,10.01
37267,Midville ,2021,"A, Site 35",32.8866,-82.2146,170,436,6.23,1008.0,46.9,80.45,13.45,44.54,7.33
37268,Midville ,2021,"A, Site 36",32.8885,-82.212,219,616,4.67,312.4,72.0,29.24,23.14,38.78,5.12
37269,Midville ,2021,"A, Site 37",32.888,-82.2124,188,502,5.34,505.4,45.6,29.22,17.51,26.83,4.26
37270,Midville ,2021,"A, Site 38",32.8876,-82.2128,161,403,6.13,991.6,72.4,39.68,21.54,24.58,10.01
37271,Midville ,2021,"A, Site 39",32.8872,-82.2132,179,469,6.39,1077.7,87.8,38.81,16.11,17.26,6.56
37272,Midville ,2021,"A, Site 40",32.8867,-82.2136,216,605,4.91,438.1,52.9,23.37,17.65,48.02,6.51
37273,Midville ,2021,"B, Site 1",32.89025,-82.21466,258,748,5.95,1094.3,193.1,89.62,21.77,13.65,1.59
37274,Midville ,2021,"B, Site 2",32.8898,-82.215,169,432,5.49,474.9,55.7,33.57,12.38,10.83,1.26
37275,Midville ,2021,"B, Site 3",32.8893,-82.2154,253,734,4.15,106.5,30.7,14.49,3.96,25.18,1.19
37276,Midville ,2021,"B, Site 4",32.8889,-82.2159,195,528,5.58,692.2,61.9,40.93,15.45,9.20,1.81
37277,Midville ,2021,"B, Site 5",32.8885,-82.2163,178,465,5.04,287.3,32.4,16.95,7.80,10.72,0.90
37278,Midville ,2021,"B, Site 6",32.888,-82.2167,200,546,5.84,804.1,62.7,53.97,16.75,39.36,4.11
37279,Midville ,2021,"B, Site 7",32.8876,-82.2171,199,542,4.86,321.0,58.0,37.38,10.90,114.01,6.68
37280,Midville ,2021,"B, Site 8",32.8871,-82.2175,277,803,5.19,712.2,118.7,84.28,17.13,23.50,4.71
37281,Midville ,2021,"B, Site 9",32.8899,-82.2141,274,795,6.11,1442.6,37.5,120.80,37.36,10.15,1.03
37282,Midville ,2021,"B, Site 10",32.8895,-82.2145,158,392,5.99,657.3,87.3,30.72,15.31,10.66,2.18
37283,Midville ,2021,"B, Site 11",32.889,-82.215,188,502,6.42,1109.2,39.0,53.50,11.82,64.24,6.82
37284,Midville ,2021,"B, Site 12",32.8886,-82.2153,160,399,6.13,875.5,58.1,60.32,11.24,54.02,6.19
37285,Midville ,2021,"B, Site 13",32.8881,-82.2158,197,535,6.77,1498.3,57.6,39.18,14.84,64.50,13.20
37286,Midville ,2021,"B, Site 14",32.8876,-82.2162,206,568,6.32,1625.8,50.8,56.64,17.13,88.72,12.34
37287,Midville ,2021,"B, Site 15",32.8872,-82.2166,243,704,5.32,721.5,65.8,39.76,17.20,23.21,5.43
37288,Midville ,2021,"B, Site 16",32.8895,-82.2135,201,550,5.47,416.7,48.6,37.27,17.46,7.90,0.69
37289,Midville ,2021,"B, Site 17",32.8891,-82.214,172,443,5.93,725.6,76.4,25.35,16.63,8.44,4.25
37290,Midville ,2021,"B, Site 18",32.8886,-82.2144,161,403,5.51,532.6,49.9,35.61,10.19,29.62,4.57
37291,Midville ,2021,"B, Site 19",32.8882,-82.2148,158,392,6.24,836.5,60.8,41.61,11.67,35.92,5.36
37292,Midville ,2021,"B, Site 20",32.8878,-82.2152,183,484,5.85,871.1,59.3,53.39,10.79,30.62,4.54
37293,Midville ,2021,"B, Site 21",32.8873,-82.2156,164,414,6.21,1167.4,73.2,94.71,16.98,89.46,10.16
37294,Midville ,2021,"B, Site 22",32.8868,-82.216,234,671,5.90,1136.5,88.6,90.54,27.08,60.42,10.34
37295,Midville ,2021,"B, Site 23",32.8892,-82.213,274,795,4.70,423.8,74.3,26.25,21.38,17.19,5.77
37296,Midville ,2021,"B, Site 24",32.8887,-82.2134,184,487,5.57,590.2,74.1,24.30,18.57,9.86,3.03
37297,Midville ,2021,"B, Site 25",32.8883,-82.2139,219,616,5.50,783.0,40.9,63.41,22.63,41.00,6.73
37298,Midville ,2021,"B, Site 26",32.8879,-82.2143,180,473,5.52,770.4,45.7,51.30,14.99,89.31,6.65
37299,Midville ,2021,"B, Site 27",32.8874,-82.2147,180,473,5.56,700.8,64.1,56.82,12.61,51.19,6.30
37300,Midville ,2021,"B, Site 28",32.887,-82.2151,186,495,6.08,1088.3,75.8,94.82,14.82,63.68,8.36
37301,Midville ,2021,"B, Site 29",32.8865,-82.2155,262,760,5.26,739.4,108.4,85.30,16.52,87.11,8.94
37302,Midville ,2021,"B, Site 30",32.8889,-82.2125,179,469,5.68,783.4,47.2,35.12,18.27,39.71,9.47
37303,Midville ,2021,"B, Site 31",32.8884,-82.2129,298,864,5.25,756.1,48.7,31.17,28.65,7.00,4.08
37304,Midville ,2021,"B, Site 32",32.888,-82.2134,236,678,5.35,620.9,50.4,29.86,24.67,10.58,3.46
37305,Midville ,2021,"B, Site 33",32.8875,-82.2138,318,922,4.75,406.6,40.7,22.58,26.86,42.11,4.01
37306,Midville ,2021,"B, Site 34",32.887,-82.2141,219,616,6.39,1670.3,73.9,119.59,19.74,133.49,14.82
37307,Midville ,2021,"B, Site 35",32.8866,-82.2146,197,535,5.06,432.7,40.6,24.09,12.27,25.31,3.52
37308,Midville ,2021,"B, Site 36",32.8885,-82.212,165,417,6.30,1161.8,37.1,55.97,18.05,67.61,9.58
37309,Midville ,2021,"B, Site 37",32.888,-82.2124,233,667,4.94,402.0,29.1,18.97,15.55,19.04,2.98
37310,Midville ,2021,"B, Site 38",32.8876,-82.2128,161,403,6.48,901.3,49.3,28.98,14.49,30.00,7.66
37311,Midville ,2021,"B, Site 39",32.8872,-82.2132,156,384,6.39,870.1,27.4,26.07,13.29,25.61,5.08
37312,Midville ,2021,"B, Site 40",32.8867,-82.2136,165,417,5.26,437.3,27.3,18.01,11.22,37.52,4.40
44406,Tifton,2021,"0-4, Site 1",31.49502,-83.5208,263,763,6.04,1095,61.2,130.3,21.30,200.6,2.22
44407,Tifton,2021,"0-4, Site 2",31.49441,-83.5209,200,546,5.81,810,41.9,86.9,7.05,114.9,1.08
44408,Tifton,2021,"0-4, Site 3",31.49385,-83.5209,215,601,5.90,855,55.4,112.0,7.29,129.9,1.11
44409,Tifton,2021,"0-4, Site 4",31.49328,-83.5209,256,742,5.52,716,44.0,100.0,13.42,115.4,1.22
44410,Tifton,2021,"0-4, Site 5",31.49785,-83.5202,231,660,5.73,724,39.1,84.8,12.90,143.5,1.51
44411,Tifton,2021,"0-4, Site 6",31.49725,-83.5202,256,742,5.77,979,39.4,119.2,17.03,119.3,1.38
44412,Tifton,2021,"0-4, Site 7",31.49672,-83.5202,284,824,5.82,1173,65.1,120.3,20.76,131.3,2.79
44413,Tifton,2021,"0-4, Site 8",31.49614,-83.5202,293,850,5.92,1254,43.2,156.6,14.45,59.1,1.55
44414,Tifton,2021,"0-4, Site 9",31.49555,-83.5202,223,630,6.21,977,37.7,108.8,11.35,70.1,1.22
44415,Tifton,2021,"0-4, Site 10",31.49502,-83.5202,229,652,5.86,864,39.8,111.3,9.33,91.1,1.35
44416,Tifton,2021,"0-4, Site 11",31.49445,-83.5202,208,575,5.87,797,40.9,111.6,9.67,72.1,1.21
44417,Tifton,2021,"0-4, Site 12",31.49387,-83.5202,235,674,6.05,933,74.3,134.7,14.32,145.8,1.87
44418,Tifton,2021,"0-4, Site 13",31.49328,-83.5202,214,597,6.28,1001,44.9,126.4,12.21,96.5,1.20
44419,Tifton,2021,"0-4, Site 14",31.49957,-83.5195,225,638,7.12,2117,52.3,192.5,20.23,276.3,2.42
44420,Tifton,2021,"0-4, Site 15",31.49895,-83.5195,213,594,6.99,1884,42.1,164.4,13.95,232.0,2.04
44421,Tifton,2021,"0-4, Site 16",31.49841,-83.5195,203,557,6.59,1435,45.1,124.8,12.40,179.8,1.70
44422,Tifton,2021,"0-4, Site 17",31.49782,-83.5195,206,568,6.24,1082,43.7,116.3,8.72,135.0,0.90
44423,Tifton,2021,"0-4, Site 18",31.49726,-83.5195,207,572,6.11,961,47.8,118.6,15.95,124.2,1.26
44424,Tifton,2021,"0-4, Site 19",31.49669,-83.5195,220,619,6.05,1006,43.5,105.9,15.36,110.3,1.36
44425,Tifton,2021,"0-4, Site 20",31.4961,-83.5195,210,583,5.96,984,41.4,107.0,13.13,82.3,1.16
44426,Tifton,2021,"0-4, Site 21",31.49554,-83.5195,219,616,5.96,969,47.1,107.4,10.00,99.2,1.59
44427,Tifton,2021,"0-4, Site 22",31.49498,-83.5195,248,722,5.39,646,57.6,98.4,9.24,100.0,1.30
44428,Tifton,2021,"0-4, Site 23",31.49439,-83.5195,210,583,5.78,756,47.8,93.9,6.85,85.6,0.95
44429,Tifton,2021,"0-4, Site 24",31.49382,-83.5195,237,682,5.48,680,46.6,102.0,8.66,59.9,0.95
44430,Tifton,2021,"0-4, Site 25",31.49326,-83.5196,225,638,6.17,1066,59.8,139.1,8.96,107.4,1.03
44431,Tifton,2021,"4-8, Site 1",31.49502,-83.5208,213,594,6.13,948,52.1,99.4,22.99,209.7,1.18
44432,Tifton,2021,"4-8, Site 2",31.49441,-83.5209,190,509,6.01,760,52.1,87.2,6.69,144.7,0.72
44433,Tifton,2021,"4-8, Site 3",31.49385,-83.5209,195,528,5.90,769,65.4,83.7,5.64,154.8,0.66
44434,Tifton,2021,"4-8, Site 4",31.49328,-83.5209,214,597,5.71,698,44.8,90.8,12.05,105.6,0.77
44435,Tifton,2021,"4-8, Site 5",31.49785,-83.5202,201,550,5.90,790,36.2,85.4,11.07,155.8,0.98
44436,Tifton,2021,"4-8, Site 6",31.49725,-83.5202,234,671,5.93,848,28.5,96.8,12.15,105.6,0.82
44437,Tifton,2021,"4-8, Site 7",31.49672,-83.5202,215,601,6.01,1018,49.9,96.0,14.06,123.5,1.55
44438,Tifton,2021,"4-8, Site 8",31.49614,-83.5202,241,696,6.33,1197,20.5,150.6,10.08,32.3,0.74
44439,Tifton,2021,"4-8, Site 9",31.49555,-83.5202,195,528,6.28,952,32.7,107.1,10.13,68.8,0.94
44440,Tifton,2021,"4-8, Site 10",31.49502,-83.5202,225,638,5.99,898,32.3,110.5,9.63,99.4,1.04
44441,Tifton,2021,"4-8, Site 11",31.49445,-83.5202,199,542,6.00,857,31.1,115.5,9.96,76.7,0.90
44442,Tifton,2021,"4-8, Site 12",31.49387,-83.5202,209,579,6.14,903,78.9,113.1,13.87,178.5,1.60
44443,Tifton,2021,"4-8, Site 13",31.49328,-83.5202,180,473,6.34,862,47.4,105.3,10.15,102.0,0.70
44444,Tifton,2021,"4-8, Site 14",31.49957,-83.5195,198,539,7.16,1812,52.6,175.0,19.64,278.7,2.24
44445,Tifton,2021,"4-8, Site 15",31.49895,-83.5195,191,513,6.96,1607,38.3,155.7,13.65,240.4,2.52
44446,Tifton,2021,"4-8, Site 16",31.49841,-83.5195,186,495,6.81,1153,44.2,118.9,12.82,219.7,1.44
44447,Tifton,2021,"4-8, Site 17",31.49782,-83.5195,174,450,6.36,875,45.4,92.2,8.34,147.6,0.60
44448,Tifton,2021,"4-8, Site 18",31.49726,-83.5195,199,542,6.26,948,49.8,114.2,16.10,132.5,0.81
44449,Tifton,2021,"4-8, Site 19",31.49669,-83.5195,207,572,5.94,750,45.0,87.3,12.35,108.9,0.85
44450,Tifton,2021,"4-8, Site 20",31.4961,-83.5195,193,520,6.04,815,38.6,85.9,11.21,83.7,0.68
44451,Tifton,2021,"4-8, Site 21",31.49554,-83.5195,198,539,6.00,909,48.5,109.8,9.98,106.7,1.01
44452,Tifton,2021,"4-8, Site 22",31.49498,-83.5195,208,575,5.67,615,45.6,81.5,6.83,89.7,0.68
44453,Tifton,2021,"4-8, Site 23",31.49439,-83.5195,184,487,6.02,774,39.0,96.5,6.31,90.0,0.55
44454,Tifton,2021,"4-8, Site 24",31.49382,-83.5195,214,597,5.65,608,37.3,89.9,6.32,56.4,0.47
44455,Tifton,2021,"4-8, Site 25",31.49326,-83.5196,196,531,6.37,1137,56.9,140.5,8.33,114.2,0.60
44456,Tifton,2021,"A, Site 1",31.49502,-83.5208,211,586,5.26,520,41.2,55.3,6.23,94.9,0.87
44457,Tifton,2021,"A, Site 2",31.49441,-83.5209,215,601,5.22,498,38.3,59.5,5.03,89.5,0.79
44458,Tifton,2021,"A, Site 3",31.49385,-83.5209,209,579,5.70,644,50.3,80.7,3.81,109.5,0.74
44459,Tifton,2021,"A, Site 4",31.49328,-83.5209,254,737,5.42,629,39.5,86.8,9.75,95.8,1.14
44460,Tifton,2021,"A, Site 5",31.49785,-83.5202,239,689,5.02,324,44.5,36.8,11.41,107.1,1.32
44461,Tifton,2021,"A, Site 6",31.49725,-83.5202,239,689,6.02,1006,60.5,109.7,15.03,109.2,1.55
44462,Tifton,2021,"A, Site 7",31.49672,-83.5202,269,780,5.83,1005,76.7,90.8,16.44,118.7,2.05
44463,Tifton,2021,"A, Site 8",31.49614,-83.5202,296,858,5.70,974,38.1,128.9,13.59,45.8,1.50
44464,Tifton,2021,"A, Site 9",31.49555,-83.5202,227,645,5.89,882,66.7,96.1,13.36,52.2,1.27
44465,Tifton,2021,"A, Site 10",31.49502,-83.5202,232,663,5.64,732,44.8,86.5,10.46,72.4,1.21
44466,Tifton,2021,"A, Site 11",31.49445,-83.5202,209,579,5.87,751,42.5,107.3,8.94,77.7,1.00
44467,Tifton,2021,"A, Site 12",31.49387,-83.5202,220,619,6.12,997,75.6,138.5,9.22,131.4,1.33
44468,Tifton,2021,"A, Site 13",31.49328,-83.5202,191,513,6.39,1046,64.5,120.3,11.87,79.2,1.29
44469,Tifton,2021,"A, Site 14",31.49957,-83.5195,201,550,7.21,1842,47.4,185.5,19.08,298.0,2.06
44470,Tifton,2021,"A, Site 15",31.49895,-83.5195,194,524,7.06,1724,37.8,168.6,12.64,214.4,1.93
44471,Tifton,2021,"A, Site 16",31.49841,-83.5195,197,535,6.32,1010,36.3,103.4,11.44,121.0,1.21
44472,Tifton,2021,"A, Site 17",31.49782,-83.5195,192,517,6.30,997,48.3,129.2,6.94,134.7,1.09
44473,Tifton,2021,"A, Site 18",31.49726,-83.5195,187,498,6.33,916,46.0,105.8,12.05,100.3,0.96
44474,Tifton,2021,"A, Site 19",31.49669,-83.5195,219,616,5.75,829,54.5,100.9,14.32,83.2,1.21
44475,Tifton,2021,"A, Site 20",31.4961,-83.5195,235,674,5.76,745,46.2,75.3,12.26,68.8,1.11
44476,Tifton,2021,"A, Site 21",31.49554,-83.5195,193,520,6.13,999,43.8,107.1,9.43,83.8,1.14
44477,Tifton,2021,"A, Site 22",31.49498,-83.5195,229,652,5.65,710,40.5,99.9,6.59,70.2,0.98
44478,Tifton,2021,"A, Site 23",31.49439,-83.5195,196,531,6.10,959,36.7,114.1,5.58,67.4,0.72
44479,Tifton,2021,"A, Site 24",31.49382,-83.5195,231,660,5.51,736,49.8,101.1,7.19,58.4,0.73
44480,Tifton,2021,"A, Site 25",31.49326,-83.5196,217,608,5.74,771,67.1,116.3,7.86,71.9,0.75
44481,Tifton,2021,"B, Site 1",31.49502,-83.5208,281,815,5.55,696,38.1,67.3,21.44,159.5,2.08
44482,Tifton,2021,"B, Site 2",31.49441,-83.5209,197,535,6.15,807,41.2,105.0,7.95,109.9,1.00
44483,Tifton,2021,"B, Site 3",31.49385,-83.5209,207,572,5.84,750,44.1,74.8,6.67,101.4,0.84
44484,Tifton,2021,"B, Site 4",31.49328,-83.5209,250,725,5.94,889,32.7,123.1,11.56,90.2,1.07
44485,Tifton,2021,"B, Site 5",31.49785,-83.5202,235,674,5.43,587,45.1,63.0,12.94,130.3,1.52
44486,Tifton,2021,"B, Site 6",31.49725,-83.5202,230,656,6.35,1233,35.9,173.7,15.62,99.5,1.16
44487,Tifton,2021,"B, Site 7",31.49672,-83.5202,279,809,5.64,858,55.9,84.5,16.67,87.8,2.08
44488,Tifton,2021,"B, Site 8",31.49614,-83.5202,241,696,6.22,1114,27.2,124.6,12.95,37.8,0.89
44489,Tifton,2021,"B, Site 9",31.49555,-83.5202,228,649,6.25,934,27.9,98.3,10.50,62.3,0.97
44490,Tifton,2021,"B, Site 10",31.49502,-83.5202,223,630,6.29,985,47.0,117.3,7.99,64.0,1.33
44491,Tifton,2021,"B, Site 11",31.49445,-83.5202,242,700,5.46,640,32.9,81.9,10.41,62.2,1.11
44492,Tifton,2021,"B, Site 12",31.49387,-83.5202,246,715,6.10,926,154.0,133.2,20.25,150.3,2.76
44493,Tifton,2021,"B, Site 13",31.49328,-83.5202,213,594,5.71,568,36.6,64.7,10.13,59.6,0.63
44494,Tifton,2021,"B, Site 14",31.49957,-83.5195,202,553,7.28,2089,36.3,189.7,23.29,200.2,2.04
44495,Tifton,2021,"B, Site 15",31.49895,-83.5195,203,557,6.96,1710,27.3,138.5,11.06,205.3,1.90
44496,Tifton,2021,"B, Site 16",31.49841,-83.5195,210,583,6.89,1222,31.5,118.2,11.16,187.9,1.84
44497,Tifton,2021,"B, Site 17",31.49782,-83.5195,195,528,6.31,942,44.3,95.4,8.65,99.7,0.93
44498,Tifton,2021,"B, Site 18",31.49726,-83.5195,217,608,5.76,650,45.1,77.0,12.90,91.6,1.00
44499,Tifton,2021,"B, Site 19",31.49669,-83.5195,239,689,5.61,678,44.6,73.6,14.62,73.6,1.27
44500,Tifton,2021,"B, Site 20",31.4961,-83.5195,212,590,6.11,921,35.0,99.1,11.78,62.8,0.95
44501,Tifton,2021,"B, Site 21",31.49554,-83.5195,203,557,5.96,746,49.1,83.7,6.23,79.5,0.78
44502,Tifton,2021,"B, Site 22",31.49498,-83.5195,221,623,5.38,523,40.1,76.8,8.48,67.7,0.95
44503,Tifton,2021,"B, Site 23",31.49439,-83.5195,194,524,5.80,685,33.5,77.2,5.34,85.1,0.70
44504,Tifton,2021,"B, Site 24",31.49382,-83.5195,236,678,5.64,717,43.3,104.1,7.71,49.9,0.78
44505,Tifton,2021,"B, Site 25",31.49326,-83.5196,218,612,6.64,1421,46.6,203.4,10.23,127.2,1.09
41887,Watkinsville ,2021,"0-4, Site 1",33.89703,-83.42491,323,937,5.90,1288,250.0,194.3,61.7,51.43,4.95
41888,Watkinsville ,2021,"0-4, Site 2",33.89683,-83.42558,446,1293,5.70,1623,285.3,229.1,47.6,51.62,7.67
41889,Watkinsville ,2021,"0-4, Site 3",33.89662,-83.42623,455,1320,5.69,1785,404.5,270.0,42.9,59.08,8.81
41890,Watkinsville ,2021,"0-4, Site 4",33.89643,-83.42691,431,1250,5.35,988,268.0,176.3,61.8,53.01,6.79
41891,Watkinsville ,2021,"0-4, Site 5",33.89626,-83.42753,419,1215,5.63,1205,234.7,194.5,48.5,43.83,5.78
41892,Watkinsville ,2021,"0-4, Site 6",33.89605,-83.42814,402,1166,5.70,1263,247.3,199.3,56.7,52.12,5.95
41893,Watkinsville ,2021,"0-4, Site 7",33.89585,-83.4288,341,989,5.98,1257,198.9,206.2,61.6,37.07,3.62
41894,Watkinsville ,2021,"0-4, Site 8",33.89646,-83.42472,480,1392,5.91,2361,238.1,345.8,39.9,44.60,7.52
41895,Watkinsville ,2021,"0-4, Site 9",33.89627,-83.4253,405,1175,5.83,1438,306.9,255.0,47.0,60.21,7.25
41896,Watkinsville ,2021,"0-4, Site 10",33.89609,-83.42598,387,1122,5.97,1609,285.0,246.5,30.7,27.28,7.34
41897,Watkinsville ,2021,"0-4, Site 11",33.89589,-83.42663,520,1508,5.80,2024,309.4,355.5,50.9,43.61,9.77
41898,Watkinsville ,2021,"0-4, Site 12",33.89572,-83.42726,466,1351,5.87,1768,314.4,288.5,69.0,54.54,6.90
41899,Watkinsville ,2021,"0-4, Site 13",33.89554,-83.42793,404,1172,5.92,1250,262.0,226.7,71.1,34.82,4.08
41900,Watkinsville ,2021,"0-4, Site 14",33.89528,-83.42861,454,1317,5.90,1637,169.3,261.8,45.0,16.40,4.36
41901,Watkinsville ,2021,"0-4, Site 15",33.89596,-83.424484,395,1146,5.87,1384,268.6,234.2,51.2,42.59,4.49
41902,Watkinsville ,2021,"0-4, Site 16",33.89575,-83.42506,553,1604,5.55,1407,363.1,277.3,41.8,65.98,7.39
41903,Watkinsville ,2021,"0-4, Site 17",33.89555,-83.42576,372,1079,5.80,1237,229.0,201.5,43.0,50.23,5.83
41904,Watkinsville ,2021,"0-4, Site 18",33.89535,-83.42642,370,1073,5.98,1235,326.9,240.1,85.7,32.50,4.50
41905,Watkinsville ,2021,"0-4, Site 19",33.89517,-83.42705,486,1409,5.88,1836,290.5,321.4,63.1,19.33,8.07
41906,Watkinsville ,2021,"0-4, Site 20",33.89493,-83.42769,488,1415,5.88,1663,199.7,273.8,73.7,29.97,6.24
41907,Watkinsville ,2021,"0-4, Site 21",33.89543,-83.42423,397,1151,6.12,1660,215.9,274.1,26.6,39.55,3.46
41908,Watkinsville ,2021,"0-4, Site 22",33.89521,-83.42486,500,1450,5.83,1815,326.4,309.8,58.5,46.86,7.30
41909,Watkinsville ,2021,"0-4, Site 23",33.89499,-83.42547,433,1256,6.01,2039,246.0,335.8,50.8,39.54,7.11
41910,Watkinsville ,2021,"0-4, Site 24",33.89485,-83.42617,341,989,6.06,1332,304.4,247.3,61.1,21.58,3.74
41911,Watkinsville ,2021,"0-4, Site 25",33.89459,-83.42681,314,911,5.83,862,184.4,156.0,57.9,22.99,2.48
41912,Watkinsville ,2021,"0-4, Site 26",33.89445,-83.42743,365,1059,5.95,1039,259.6,194.4,64.4,59.31,3.28
41913,Watkinsville ,2021,"0-4, Site 27",33.89487,-83.42398,443,1285,5.76,1412,269.5,287.8,36.5,47.33,5.56
41914,Watkinsville ,2021,"0-4, Site 28",33.8947,-83.42459,464,1346,5.40,1010,308.5,195.7,50.9,61.94,6.85
41915,Watkinsville ,2021,"0-4, Site 29",33.89448,-83.42529,326,945,5.93,1179,220.5,266.9,45.9,46.41,6.12
41916,Watkinsville ,2021,"0-4, Site 30",33.89432,-83.42592,346,1003,5.87,1145,196.1,259.9,53.8,50.61,4.67
41917,Watkinsville ,2021,"0-4, Site 31",33.89407,-83.42657,284,824,6.03,1172,184.1,177.1,44.1,77.43,4.24
41918,Watkinsville ,2021,"0-4, Site 32",33.89434,-83.42376,327,948,5.56,969,182.5,167.8,29.3,65.51,5.99
41919,Watkinsville ,2021,"0-4, Site 33",33.89415,-83.42438,392,1137,5.63,1165,168.9,208.9,31.8,41.27,7.75
41920,Watkinsville ,2021,"0-4, Site 34",33.89393,-83.42504,526,1525,5.75,1885,248.6,362.2,50.6,42.55,6.44
41921,Watkinsville ,2021,"0-4, Site 35",33.89377,-83.42575,465,1349,5.74,1639,301.2,374.0,41.1,40.30,7.63
41922,Watkinsville ,2021,"4-8, Site 1",33.89703,-83.42491,234,671,6.07,827,165.9,119.7,53.2,37.97,1.38
41923,Watkinsville ,2021,"4-8, Site 2",33.89683,-83.42558,284,824,5.88,1046,219.4,187.8,32.1,23.78,1.60
41924,Watkinsville ,2021,"4-8, Site 3",33.89662,-83.42623,327,948,5.71,1125,378.8,175.9,41.4,30.99,3.08
41925,Watkinsville ,2021,"4-8, Site 4",33.89643,-83.42691,247,718,5.45,854,284.9,137.7,52.2,26.54,2.68
41926,Watkinsville ,2021,"4-8, Site 5",33.89626,-83.42753,267,774,5.59,744,171.2,109.8,33.0,29.78,1.44
41927,Watkinsville ,2021,"4-8, Site 6",33.89605,-83.42814,250,725,5.85,881,241.3,162.4,31.0,15.25,1.62
41928,Watkinsville ,2021,"4-8, Site 7",33.89585,-83.4288,212,590,5.82,766,159.5,124.4,57.9,20.29,1.27
41929,Watkinsville ,2021,"4-8, Site 8",33.89646,-83.42472,313,908,5.98,1212,217.8,225.7,21.9,11.60,1.63
41930,Watkinsville ,2021,"4-8, Site 9",33.89627,-83.4253,243,704,5.74,729,297.1,128.1,32.8,32.56,2.02
41931,Watkinsville ,2021,"4-8, Site 10",33.89609,-83.42598,307,890,5.92,1218,230.3,193.8,34.0,12.39,2.84
41932,Watkinsville ,2021,"4-8, Site 11",33.89589,-83.42663,308,893,5.85,1171,252.2,187.7,35.3,18.19,2.75
41933,Watkinsville ,2021,"4-8, Site 12",33.89572,-83.42726,276,800,5.83,970,182.3,158.4,42.1,15.34,2.58
41934,Watkinsville ,2021,"4-8, Site 13",33.89554,-83.42793,264,766,5.81,885,181.0,140.9,57.5,17.85,1.43
41935,Watkinsville ,2021,"4-8, Site 14",33.89528,-83.42861,225,638,6.11,1085,120.0,181.5,21.0,4.34,0.95
41936,Watkinsville ,2021,"4-8, Site 15",33.89596,-83.424484,273,792,5.73,754,180.3,150.4,50.1,23.54,1.20
41937,Watkinsville ,2021,"4-8, Site 16",33.89575,-83.42506,316,916,5.60,860,344.8,168.8,23.4,20.81,1.55
41938,Watkinsville ,2021,"4-8, Site 17",33.89555,-83.42576,245,711,5.85,976,184.4,157.0,37.7,23.84,2.35
41939,Watkinsville ,2021,"4-8, Site 18",33.89535,-83.42642,231,660,5.95,793,239.2,140.9,72.0,15.48,1.47
41940,Watkinsville ,2021,"4-8, Site 19",33.89517,-83.42705,282,818,5.81,1035,182.7,218.5,43.8,4.75,1.91
41941,Watkinsville ,2021,"4-8, Site 20",33.89493,-83.42769,268,777,6.00,874,89.7,155.6,56.7,5.53,1.55
41942,Watkinsville ,2021,"4-8, Site 21",33.89543,-83.42423,271,786,5.94,1056,190.9,217.6,20.3,20.53,2.57
41943,Watkinsville ,2021,"4-8, Site 22",33.89521,-83.42486,277,803,5.80,803,249.6,167.3,35.7,19.23,1.39
41944,Watkinsville ,2021,"4-8, Site 23",33.89499,-83.42547,310,899,6.17,1214,186.7,246.7,30.2,8.47,1.80
41945,Watkinsville ,2021,"4-8, Site 24",33.89485,-83.42617,249,726,6.14,759,174.3,147.0,46.7,2.94,0.87
41946,Watkinsville ,2021,"4-8, Site 25",33.89459,-83.42681,259,751,5.68,684,142.0,116.2,61.5,15.20,1.37
41947,Watkinsville ,2021,"4-8, Site 26",33.89445,-83.42743,228,649,5.70,639,159.7,103.0,45.0,24.13,1.16
41948,Watkinsville ,2021,"4-8, Site 27",33.89487,-83.42398,278,806,5.77,904,250.2,213.1,29.0,24.46,2.27
41949,Watkinsville ,2021,"4-8, Site 28",33.8947,-83.42459,269,780,5.58,570,277.8,123.2,31.7,14.41,1.39
41950,Watkinsville ,2021,"4-8, Site 29",33.89448,-83.42529,232,663,5.86,595,147.3,123.6,32.3,12.31,0.96
41951,Watkinsville ,2021,"4-8, Site 30",33.89432,-83.42592,270,783,5.79,805,167.1,160.7,52.2,30.27,2.67
41952,Watkinsville ,2021,"4-8, Site 31",33.89407,-83.42657,284,824,5.94,872,180.1,147.9,42.5,49.88,1.76
41953,Watkinsville ,2021,"4-8, Site 32",33.89434,-83.42376,298,864,6.01,780,203.3,151.0,21.4,19.48,1.36
41954,Watkinsville ,2021,"4-8, Site 33",33.89415,-83.42438,320,928,5.95,963,170.8,197.6,25.8,8.26,2.03
41955,Watkinsville ,2021,"4-8, Site 34",33.89393,-83.42504,392,1137,5.92,1109,145.4,214.5,24.6,7.08,1.19
41956,Watkinsville ,2021,"4-8, Site 35",33.89377,-83.42575,341,989,5.65,878,145.0,205.0,25.0,8.93,1.64
41957,Watkinsville ,2021,"A, Site 1",33.89703,-83.42491,252,731,5.93,751,116.1,128.6,41.7,41.59,1.68
41958,Watkinsville ,2021,"A, Site 2",33.89683,-83.42558,416,1206,5.72,1571,506.4,199.5,31.9,60.04,7.93
41959,Watkinsville ,2021,"A, Site 3",33.89662,-83.42623,751,2178,5.42,1928,596.5,258.6,40.3,88.16,11.09
41960,Watkinsville ,2021,"A, Site 4",33.89643,-83.42691,356,1032,4.82,356,226.6,58.4,44.3,56.18,4.24
41961,Watkinsville ,2021,"A, Site 5",33.89626,-83.42753,466,1351,5.39,1181,159.8,148.7,57.4,103.42,5.77
41962,Watkinsville ,2021,"A, Site 6",33.89605,-83.42814,352,1021,6.31,1592,326.0,215.5,35.4,16.06,3.25
41963,Watkinsville ,2021,"A, Site 7",33.89585,-83.4288,304,882,6.00,900,130.8,127.1,44.5,40.93,1.38
41964,Watkinsville ,2021,"A, Site 8",33.89646,-83.42472,236,678,5.95,920,154.5,125.0,16.8,16.75,1.51
41965,Watkinsville ,2021,"A, Site 9",33.89627,-83.4253,468,1357,6.01,1702,532.4,277.8,41.9,86.67,5.37
41966,Watkinsville ,2021,"A, Site 10",33.89609,-83.42598,349,1012,5.86,1157,252.0,195.0,23.8,16.71,3.83
41967,Watkinsville ,2021,"A, Site 11",33.89589,-83.42663,425,1233,5.62,1070,340.8,247.8,26.0,34.96,3.74
41968,Watkinsville ,2021,"A, Site 12",33.89572,-83.42726,351,1018,5.74,762,229.8,182.0,41.0,19.08,4.15
41969,Watkinsville ,2021,"A, Site 13",33.89554,-83.42793,254,737,6.17,1061,68.1,133.9,45.8,19.12,1.17
41970,Watkinsville ,2021,"A, Site 14",33.89528,-83.42861,368,1067,6.16,1801,200.7,311.8,35.3,10.22,2.32
41971,Watkinsville ,2021,"A, Site 15",33.89596,-83.424484,215,601,5.76,521,125.1,82.9,17.3,46.48,1.18
41972,Watkinsville ,2021,"A, Site 16",33.89575,-83.42506,398,1154,5.76,980,330.2,250.1,28.0,76.86,7.29
41973,Watkinsville ,2021,"A, Site 17",33.89555,-83.42576,385,1117,5.80,743,396.4,121.1,32.3,68.96,2.93
41974,Watkinsville ,2021,"A, Site 18",33.89535,-83.42642,395,1146,6.00,1251,496.1,242.7,113.7,38.48,3.90
41975,Watkinsville ,2021,"A, Site 19",33.89517,-83.42705,497,1441,5.94,1429,160.3,286.0,34.7,10.94,3.37
41976,Watkinsville ,2021,"A, Site 20",33.89493,-83.42769,350,1015,5.83,1182,226.7,190.5,47.7,16.81,3.83
41977,Watkinsville ,2021,"A, Site 21",33.89543,-83.42423,407,1180,6.05,1604,277.3,282.3,24.5,40.08,2.72
41978,Watkinsville ,2021,"A, Site 22",33.89521,-83.42486,357,1035,5.32,715,197.3,133.1,32.2,30.05,2.28
41979,Watkinsville ,2021,"A, Site 23",33.89499,-83.42547,392,1137,5.41,718,225.4,142.8,12.8,4.52,1.01
41980,Watkinsville ,2021,"A, Site 24",33.89485,-83.42617,386,1119,6.10,1105,396.5,251.3,59.2,57.84,5.53
41981,Watkinsville ,2021,"A, Site 25",33.89459,-83.42681,346,1003,5.32,307,140.9,110.5,71.2,14.77,1.73
41982,Watkinsville ,2021,"A, Site 26",33.89445,-83.42743,283,821,5.83,707,137.3,123.5,34.5,62.30,1.77
41983,Watkinsville ,2021,"A, Site 27",33.89487,-83.42398,365,1059,5.49,722,179.0,130.3,19.7,28.61,2.09
41984,Watkinsville ,2021,"A, Site 28",33.8947,-83.42459,368,1067,5.24,860,149.3,161.1,33.6,36.23,3.96
41985,Watkinsville ,2021,"A, Site 29",33.89448,-83.42529,342,992,5.73,768,288.7,187.1,28.0,19.52,3.06
41986,Watkinsville ,2021,"A, Site 30",33.89432,-83.42592,373,1082,5.61,921,191.7,240.8,65.9,34.46,4.17
41987,Watkinsville ,2021,"A, Site 31",33.89407,-83.42657,323,937,6.04,1054,179.2,201.1,30.5,34.65,3.82
41988,Watkinsville ,2021,"A, Site 32",33.89434,-83.42376,330,957,5.89,1032,150.5,197.8,22.8,38.29,4.27
41989,Watkinsville ,2021,"A, Site 33",33.89415,-83.42438,406,1177,5.72,960,140.9,201.6,29.9,25.61,7.59
41990,Watkinsville ,2021,"A, Site 34",33.89393,-83.42504,414,1201,5.53,849,137.9,172.3,19.7,15.87,0.80
41991,Watkinsville ,2021,"A, Site 35",33.89377,-83.42575,377,1093,5.59,938,212.6,222.3,30.0,21.60,4.39
41992,Watkinsville ,2021,"B, Site 1",33.89703,-83.42491,293,850,6.16,1675,147.0,236.0,69.9,48.86,4.86
41993,Watkinsville ,2021,"B, Site 2",33.89683,-83.42558,370,1073,5.79,1463,342.6,302.1,34.3,90.00,12.72
41994,Watkinsville ,2021,"B, Site 3",33.89662,-83.42623,534,1549,5.46,2017,483.5,299.6,55.3,125.15,15.95
41995,Watkinsville ,2021,"B, Site 4",33.89643,-83.42691,533,1546,5.29,837,366.2,169.6,88.5,67.81,9.05
41996,Watkinsville ,2021,"B, Site 5",33.89626,-83.42753,412,1195,5.90,2048,290.9,332.2,71.4,47.60,9.20
41997,Watkinsville ,2021,"B, Site 6",33.89605,-83.42814,323,937,5.78,1335,251.8,253.5,46.9,19.20,4.30
41998,Watkinsville ,2021,"B, Site 7",33.89585,-83.4288,377,1093,6.22,1607,263.4,343.0,69.9,53.89,7.14
41999,Watkinsville ,2021,"B, Site 8",33.89646,-83.42472,220,619,6.23,1245,211.4,212.0,30.4,38.55,4.31
42000,Watkinsville ,2021,"B, Site 9",33.89627,-83.4253,336,974,5.93,1589,293.8,256.5,40.4,52.22,4.42
42001,Watkinsville ,2021,"B, Site 10",33.89609,-83.42598,412,1195,5.68,1453,139.9,232.5,40.3,21.63,3.98
42002,Watkinsville ,2021,"B, Site 11",33.89589,-83.42663,332,963,5.56,906,565.3,197.3,38.8,39.76,7.23
42003,Watkinsville ,2021,"B, Site 12",33.89572,-83.42726,371,1076,5.15,619,230.3,140.3,60.4,25.82,8.09
42004,Watkinsville ,2021,"B, Site 13",33.89554,-83.42793,257,745,6.05,1071,308.3,230.6,60.3,57.17,11.07
42005,Watkinsville ,2021,"B, Site 14",33.89528,-83.42861,333,966,6.20,1999,225.3,252.8,43.8,22.17,3.35
42006,Watkinsville ,2021,"B, Site 15",33.89596,-83.424484,344,998,5.98,1626,188.8,251.2,54.5,53.45,6.95
42007,Watkinsville ,2021,"B, Site 16",33.89575,-83.42506,363,1053,5.45,1019,326.0,186.5,26.6,40.95,4.74
42008,Watkinsville ,2021,"B, Site 17",33.89555,-83.42576,440,1276,5.69,1431,302.4,298.1,61.3,71.11,8.41
42009,Watkinsville ,2021,"B, Site 18",33.89535,-83.42642,345,1001,5.68,1047,178.5,236.1,96.3,15.76,4.26
42010,Watkinsville ,2021,"B, Site 19",33.89517,-83.42705,276,800,5.85,1161,83.2,210.7,60.4,7.68,2.24
42011,Watkinsville ,2021,"B, Site 20",33.89493,-83.42769,382,1108,5.65,1347,145.2,226.6,68.3,13.98,4.08
42012,Watkinsville ,2021,"B, Site 21",33.89543,-83.42423,365,1059,6.07,2018,836.1,314.3,36.6,61.67,4.37
42013,Watkinsville ,2021,"B, Site 22",33.89521,-83.42486,396,1148,5.64,1556,359.5,273.8,55.9,36.16,3.32
42014,Watkinsville ,2021,"B, Site 23",33.89499,-83.42547,334,969,5.70,1029,263.0,213.0,32.1,22.95,2.84
42015,Watkinsville ,2021,"B, Site 24",33.89485,-83.42617,264,766,5.94,1178,238.3,262.2,49.1,73.57,4.40
42016,Watkinsville ,2021,"B, Site 25",33.89459,-83.42681,296,858,5.86,1075,286.3,282.7,81.9,25.35,4.06
42017,Watkinsville ,2021,"B, Site 26",33.89445,-83.42743,267,774,6.07,1265,269.2,262.4,69.5,38.13,4.19
42018,Watkinsville ,2021,"B, Site 27",33.89487,-83.42398,432,1253,5.77,1948,370.0,355.6,59.6,79.41,11.46
42019,Watkinsville ,2021,"B, Site 28",33.8947,-83.42459,349,1012,5.45,857,277.9,183.6,41.7,44.52,4.89
42020,Watkinsville ,2021,"B, Site 29",33.89448,-83.42529,303,879,5.67,915,275.0,240.9,43.8,23.19,3.91
42021,Watkinsville ,2021,"B, Site 30",33.89432,-83.42592,267,774,6.09,1219,266.2,291.7,54.7,38.64,5.71
42022,Watkinsville ,2021,"B, Site 31",33.89407,-83.42657,332,963,5.71,1166,137.1,202.2,50.5,59.98,6.03
42023,Watkinsville ,2021,"B, Site 32",33.89434,-83.42376,405,1175,5.56,1471,272.3,249.4,48.0,71.85,11.79
42024,Watkinsville ,2021,"B, Site 33",33.89415,-83.42438,450,1305,5.37,1072,180.3,220.2,40.0,46.38,7.52
42025,Watkinsville ,2021,"B, Site 34",33.89393,-83.42504,528,1531,5.51,2655,492.4,467.4,50.1,95.01,20.17
42026,Watkinsville ,2021,"B, Site 35",33.89377,-83.42575,349,1012,5.59,1136,309.1,271.2,48.9,13.86,3.93
